Customer ID,Customer Name
CUST-10000,Anamika Kunda
CUST-10001,Arya Chatterjee
CUST-10002,Pranit Dutta
CUST-10003,Zaid Cherian
CUST-10004,Abeer D’Alia
CUST-10005,Zansi Sidhu
CUST-10006,Harrison Pandya
CUST-10007,Ayushman Luthra
CUST-10008,Yahvi Bhagat
CUST-10009,Tarak Bhat
CUST-10010,Zashil Pillai
CUST-10011,Bina Lalla
CUST-10012,Eshana Trivedi
CUST-10013,Neha Patla
CUST-10014,Urmi Chana
CUST-10015,Anirudh Taneja
CUST-10016,Yasti Muni
CUST-10017,Zaid Venkataraman
CUST-10018,Aradhana Vaidya
CUST-10019,Yutika Bali
CUST-10020,Yashoda Goel
CUST-10021,George Walla
CUST-10022,Zansi Maharaj
CUST-10023,Tristan Ramakrishnan
CUST-10024,George Chowdhury
CUST-10025,Rudra Badal
CUST-10026,Jai Chaudhry
CUST-10027,Henry Gola
CUST-10028,Gagan Brar
CUST-10029,Bakhshi Malhotra
CUST-10030,Aishani Mandal
CUST-10031,Pratyush Koshy
CUST-10032,Amaira Jain
CUST-10033,Dhriti Mallick
CUST-10034,Abhiram Sarma
CUST-10035,Ishanvi Ganesh
CUST-10036,Lakshmi Zachariah
CUST-10037,Chakradev Dayal
CUST-10038,Yash Bail
CUST-10039,Kavya Dubey
CUST-10040,Gabriel Pandit
CUST-10041,Falan Chowdhury
CUST-10042,Sanya Chana
CUST-10043,Simon Roy
CUST-10044,Charan Brar
CUST-10045,Vedant Bhatia
CUST-10046,Samar Manda
CUST-10047,Tanvi Subramanian
CUST-10048,Vedant Dey
CUST-10049,Aditya Comar
CUST-10050,Nachiket Sibal
CUST-10051,Kiaan Goyal
CUST-10052,Kai Buch
CUST-10053,Raagini Kala
CUST-10054,Rajeshri Chokshi
CUST-10055,Aarush Divan
CUST-10056,Ijaya Bedi
CUST-10057,Mahika Walla
CUST-10058,Irya Trivedi
CUST-10059,Charvi Bali
CUST-10060,Niharika Memon
CUST-10061,Zayyan Dara
CUST-10062,Ishaan Sunder
CUST-10063,Charan Kanda
CUST-10064,Yochana Mannan
CUST-10065,Damini Kannan
CUST-10066,Chandresh Palla
CUST-10067,Tanvi Chauhan
CUST-10068,Gunbir Singh
CUST-10069,Watika Mishra
CUST-10070,Divya Mangat
CUST-10071,Yatan Natt
CUST-10072,Abhimanyu Sheth
CUST-10073,Hema Hegde
CUST-10074,Abhiram Sawhney
CUST-10075,Bahadurjit Pingle
CUST-10076,Ekansh Jaggi
CUST-10077,Jason Sant
CUST-10078,Gavin Bawa
CUST-10079,Zehaan Konda
CUST-10080,Tristan Jaggi
CUST-10081,Meera Mody
CUST-10082,Ansh Sarin
CUST-10083,Harshil Kibe
CUST-10084,Arjun Joshi
CUST-10085,Ganga Wali
CUST-10086,Jalsa Pal
CUST-10087,Prisha Oommen
CUST-10088,Upasna Brahmbhatt
CUST-10089,Amara Narasimhan
CUST-10090,Imaran Deshmukh
CUST-10091,Triveni Narain
CUST-10092,Yashodhara Varughese
CUST-10093,Tarak Palan
CUST-10094,Dev Narayan
CUST-10095,Utkarsh Khanna
CUST-10096,Dev Sachar
CUST-10097,Bina Shah
CUST-10098,Naksh Amble
CUST-10099,Anay Dutta
CUST-10100,Elijah Kumer
CUST-10101,Triya Sule
CUST-10102,Damini Patla
CUST-10103,Finn Varghese
CUST-10104,Amol Sodhi
CUST-10105,Nirja Mani
CUST-10106,Mahika Chacko
CUST-10107,Kala Ranganathan
CUST-10108,Veer Karpe
CUST-10109,Adweta Saha
CUST-10110,Ati Dhar
CUST-10111,Agastya Gade
CUST-10112,Mitesh Murthy
CUST-10113,Kai Raju
CUST-10114,Ekaraj Tank
CUST-10115,Lipika Talwar
CUST-10116,Aditya Uppal
CUST-10117,Gayathri Merchant
CUST-10118,Arya Kar
CUST-10119,Ojas Som
CUST-10120,Henry Dua
CUST-10121,Balvan Sastry
CUST-10122,George Edwin
CUST-10123,Lekha Dhillon
CUST-10124,Megha Sarna
CUST-10125,Manbir Ben
CUST-10126,Adya Purohit
CUST-10127,Champak Dani
CUST-10128,Laban Karan
CUST-10129,Fitan Sathe
CUST-10130,Anirudh Dugar
CUST-10131,Balvan Nagy
CUST-10132,Dayita Prashad
CUST-10133,Devansh Andra
CUST-10134,Amol Salvi
CUST-10135,Jagvi Choudhury
CUST-10136,Qasim Bajwa
CUST-10137,Megha Sur
CUST-10138,Mason Singh
CUST-10139,Ekani Raja
CUST-10140,Yachana Din
CUST-10141,Balhaar Naidu
CUST-10142,Xiti Dass
CUST-10143,Lipika Bhalla
CUST-10144,Mohammed Subramanian
CUST-10145,Sai Basu
CUST-10146,Ikshita Yadav
CUST-10147,Amara Dara
CUST-10148,Anirudh Peri
CUST-10149,Rushil Bhargava
CUST-10150,Balvan Varughese
CUST-10151,Henry Biswas
CUST-10152,Lila Sandhu
CUST-10153,Prisha Rau
CUST-10154,Arjun Dhaliwal
CUST-10155,Aarav Baria
CUST-10156,Wazir Tara
CUST-10157,Kalpit Virk
CUST-10158,Harita Sridhar
CUST-10159,Champak Bhatia
CUST-10160,Naksh Sharaf
CUST-10161,Vasana Agrawal
CUST-10162,Kevin Goda
CUST-10163,Samarth Iyengar
CUST-10164,Krisha Nadig
CUST-10165,Inaya Pradhan
CUST-10166,Jackson Mahal
CUST-10167,Simon Chadha
CUST-10168,Abdul Kar
CUST-10169,Udarsh Bali
CUST-10170,Bhanumati Sagar
CUST-10171,Damyanti Barad
CUST-10172,Nidhi Morar
CUST-10173,Warda Bajwa
CUST-10174,Daksh Solanki
CUST-10175,Luke Bedi
CUST-10176,Krishna Ratti
CUST-10177,Janya Gaba
CUST-10178,Jasmit Khosla
CUST-10179,Dhriti Verma
CUST-10180,Falguni Balay
CUST-10181,Neelima Dhar
CUST-10182,Udyati Dua
CUST-10183,Dhriti Mangal
CUST-10184,Saanvi Oak
CUST-10185,Divya Bhatt
CUST-10186,Daksha Karan
CUST-10187,Anamika Kulkarni
CUST-10188,Ekantika Butala
CUST-10189,Balvan Yogi
CUST-10190,Vivaan Chakraborty
CUST-10191,Aishani Chowdhury
CUST-10192,Max Das
CUST-10193,Parth Taneja
CUST-10194,Urmi Dewan
CUST-10195,Yug Biswas
CUST-10196,Bachittar Ganesh
CUST-10197,Hredhaan Loke
CUST-10198,Henry Handa
CUST-10199,Triveni Dhaliwal
CUST-10200,Qushi Kota
CUST-10201,Simon Din
CUST-10202,Nitara Pathak
CUST-10203,Upasna Bhandari
CUST-10204,Krisha Gour
CUST-10205,Damini Bawa
CUST-10206,Harita Kalla
CUST-10207,Benjamin Padmanabhan
CUST-10208,Warda Krishna
CUST-10209,Teerth Kala
CUST-10210,Max Nayar
CUST-10211,Nidhi Deep
CUST-10212,Orinder Bahri
CUST-10213,Ishanvi Khurana
CUST-10214,Jacob Gole
CUST-10215,Jagrati Dani
CUST-10216,Maanas Hari
CUST-10217,Simon Gara
CUST-10218,Eesha Pandit
CUST-10219,Finn Shenoy
CUST-10220,Charan Bala
CUST-10221,Unnati Bassi
CUST-10222,Qasim Desai
CUST-10223,Sanaya Shetty
CUST-10224,Tristan Srinivasan
CUST-10225,Mekhala Date
CUST-10226,Balveer Nigam
CUST-10227,Edhitha Johal
CUST-10228,Wakeeta Mital
CUST-10229,Zansi Iyengar
CUST-10230,Gaurang Deep
CUST-10231,Abhiram Chowdhury
CUST-10232,Nikita Khurana
CUST-10233,Rajeshri Bala
CUST-10234,Ubika Cheema
CUST-10235,Dhruv Thaker
CUST-10236,Turvi Mutti
CUST-10237,Tanvi Panchal
CUST-10238,Daksha Ahuja
CUST-10239,Brinda Rege
CUST-10240,Pavani Panchal
CUST-10241,Tejas Malhotra
CUST-10242,Amruta Agarwal
CUST-10243,Barkha Sem
CUST-10244,Saumya Bath
CUST-10245,Janaki Char
CUST-10246,Raghav Mukhopadhyay
CUST-10247,Dalbir Yogi
CUST-10248,Chaitanya Majumdar
CUST-10249,Maanas Rajan
CUST-10250,Ayushman Agrawal
CUST-10251,Triveni Ramaswamy
CUST-10252,Yochana Singhal
CUST-10253,Chameli Pandey
CUST-10254,Maanav Kala
CUST-10255,Geetika Bora
CUST-10256,Omisha Rana
CUST-10257,Divya Kakar
CUST-10258,Veda Nair
CUST-10259,Nidra Srinivas
CUST-10260,Kevin Saha
CUST-10261,Chakrika Koshy
CUST-10262,Arin Ghosh
CUST-10263,Maanav Zachariah
CUST-10264,Ojas Iyengar
CUST-10265,Ayushman Sant
CUST-10266,Patrick Padmanabhan
CUST-10267,Indrajit Lanka
CUST-10268,Radha Ratta
CUST-10269,Chaitaly Seth
CUST-10270,Sara Vohra
CUST-10271,Girish Gala
CUST-10272,Aarnav Mitter
CUST-10273,Yug Chaudhuri
CUST-10274,Ria Loke
CUST-10275,Omaja Setty
CUST-10276,Bahadurjit Master
CUST-10277,Yamini Barad
CUST-10278,Charles Sami
CUST-10279,Charvi Mani
CUST-10280,Nicholas Banik
CUST-10281,Leela Gandhi
CUST-10282,Manan Singh
CUST-10283,Libni Chada
CUST-10284,Aashi Thaker
CUST-10285,Tanveer Sundaram
CUST-10286,Yashoda Wali
CUST-10287,Anamika Thaker
CUST-10288,Divya Kothari
CUST-10289,Simon Sengupta
CUST-10290,Vamakshi Uppal
CUST-10291,Nihal Parekh
CUST-10292,Harrison Upadhyay
CUST-10293,Gabriel Nadkarni
CUST-10294,Abeer Kala
CUST-10295,Manbir Bhatt
CUST-10296,Kabir Vig
CUST-10297,Dayamai Dara
CUST-10298,Maya Sandhu
CUST-10299,Aradhana Rama
CUST-10300,Hemani Shankar
CUST-10301,Robert Doctor
CUST-10302,Gagan Gade
CUST-10303,Omkaar Mistry
CUST-10304,Qabil Krish
CUST-10305,Rishi Korpal
CUST-10306,Kiaan Badami
CUST-10307,Oni Chowdhury
CUST-10308,Gopal Doshi
CUST-10309,Pavani Chandran
CUST-10310,Zayan Cherian
CUST-10311,Tanay Bumb
CUST-10312,Harish Sarma
CUST-10313,Janya Thaker
CUST-10314,Anika Raghavan
CUST-10315,Kritika Agate
CUST-10316,Harinakshi Vaidya
CUST-10317,Geetika Narasimhan
CUST-10318,Vaishnavi Chanda
CUST-10319,Arunima Narain
CUST-10320,Aachal Parikh
CUST-10321,Ranveer Kara
CUST-10322,Hamsini Singh
CUST-10323,David Pandit
CUST-10324,Bimala Raj
CUST-10325,Guneet Shukla
CUST-10326,Mekhala Sant
CUST-10327,Baghyawati Goel
CUST-10328,Naveen Patla
CUST-10329,Jackson Rama
CUST-10330,Indrajit Goel
CUST-10331,Frederick Hari
CUST-10332,Gavin Dugar
CUST-10333,Anusha Walia
CUST-10334,Arunima Setty
CUST-10335,Aadhya Raja
CUST-10336,Ishani Gaba
CUST-10337,Yuvraj Sekhon
CUST-10338,Vincent Dubey
CUST-10339,Megha Kalita
CUST-10340,Jeremiah Bedi
CUST-10341,Yashoda Mani
CUST-10342,Umang Wali
CUST-10343,Sai Dhaliwal
CUST-10344,Forum Sandal
CUST-10345,Kalpit Mahajan
CUST-10346,Maanas Mane
CUST-10347,Dev Zacharia
CUST-10348,Omya Sood
CUST-10349,Yashvi Tata
CUST-10350,Fitan Iyengar
CUST-10351,Geetika Mani
CUST-10352,Maya Randhawa
CUST-10353,Gautami Varma
CUST-10354,Manbir Ramakrishnan
CUST-10355,Aarini Chhabra
CUST-10356,Jyoti Chana
CUST-10357,Nitesh Sangha
CUST-10358,Lakshmi Parmar
CUST-10359,Manbir Ganesan
CUST-10360,Aarnav Sathe
CUST-10361,Christopher Goel
CUST-10362,Azad Sodhi
CUST-10363,Udyati Deol
CUST-10364,Daksh Kadakia
CUST-10365,Janani Madan
CUST-10366,Gautam Rajan
CUST-10367,Rishi Khare
CUST-10368,Yochana Kuruvilla
CUST-10369,Yahvi Rege
CUST-10370,Jalsa Grover
CUST-10371,Yug Murty
CUST-10372,Amara Bava
CUST-10373,Advika Char
CUST-10374,Avni D’Alia
CUST-10375,Abhiram Guha
CUST-10376,Wishi Dhar
CUST-10377,Ranveer Borde
CUST-10378,Akshay Gade
CUST-10379,Ronith Kapoor
CUST-10380,Panini Singh
CUST-10381,Aachal Chaudhary
CUST-10382,Falak Yogi
CUST-10383,Bhavika Zacharia
CUST-10384,Gayathri Shankar
CUST-10385,Dayita Bir
CUST-10386,Aadhya Dugar
CUST-10387,Yamini Bhat
CUST-10388,Aarna Lanka
CUST-10389,Edhitha Om
CUST-10390,Aryan Buch
CUST-10391,Eesha Doshi
CUST-10392,Dipta Mannan
CUST-10393,Amaira Walia
CUST-10394,Pooja Mann
CUST-10395,Rajata Bhakta
CUST-10396,Isaac Parsa
CUST-10397,Amruta Bhandari
CUST-10398,Caleb Varughese
CUST-10399,Damyanti Walia
CUST-10400,Tanmayi Bhagat
CUST-10401,Onveer Manda
CUST-10402,Harinakshi Sastry
CUST-10403,Raksha Kadakia
CUST-10404,Rajata Chauhan
CUST-10405,Hardik Doshi
CUST-10406,Aishani Balay
CUST-10407,Charles Bail
CUST-10408,Idika Kamdar
CUST-10409,Yachana Narayanan
CUST-10410,Samarth Saini
CUST-10411,Banjeet Kannan
CUST-10412,Caleb Barman
CUST-10413,Peter Amble
CUST-10414,Atharv Lala
CUST-10415,Dakshesh Char
CUST-10416,Lekha Thaker
CUST-10417,Netra Kanda
CUST-10418,Lipika Sathe
CUST-10419,Wakeeta Shankar
CUST-10420,Noah Choudhry
CUST-10421,Upma Goel
CUST-10422,Nitesh Mall
CUST-10423,Viraj Chadha
CUST-10424,Imaran Korpal
CUST-10425,Nikita Bail
CUST-10426,Hitesh Nagar
CUST-10427,Saksham Kapur
CUST-10428,Hitesh Parmer
CUST-10429,Max Barman
CUST-10430,Ishanvi Devan
CUST-10431,Mugdha Sha
CUST-10432,Leena Malhotra
CUST-10433,Adya Singh
CUST-10434,Janani Grover
CUST-10435,Gaurangi Chadha
CUST-10436,Vansha Sabharwal
CUST-10437,Samarth Zacharia
CUST-10438,Liam Kari
CUST-10439,Ranveer Gopal
CUST-10440,Leena Master
CUST-10441,Patrick Sha
CUST-10442,Baljiwan Chakrabarti
CUST-10443,Upadhriti Hayre
CUST-10444,Anvi Bhavsar
CUST-10445,Vritti Kala
CUST-10446,Damyanti More
CUST-10447,Qasim Mitter
CUST-10448,Ganga Kar
CUST-10449,Anjali Mohanty
CUST-10450,Zaitra Deo
CUST-10451,Chaitanya Bhagat
CUST-10452,Adya Goel
CUST-10453,Isaac Chopra
CUST-10454,Krisha Sule
CUST-10455,Urvashi Jaggi
CUST-10456,Janaki Sunder
CUST-10457,Faraj Mishra
CUST-10458,Dayita Chander
CUST-10459,Azaan Narayan
CUST-10460,Manthan Dube
CUST-10461,Ira Apte
CUST-10462,Inaya Raja
CUST-10463,Kabir Magar
CUST-10464,Wishi Natarajan
CUST-10465,Ojas Lal
CUST-10466,Guneet Borde
CUST-10467,Rushil Soni
CUST-10468,Dayita Nagy
CUST-10469,Oeshi Kala
CUST-10470,David Bhalla
CUST-10471,Devansh Rastogi
CUST-10472,Jeremiah Samra
CUST-10473,Adya Ratta
CUST-10474,Samesh Bhat
CUST-10475,Dhriti Seshadri
CUST-10476,Daksh Nadig
CUST-10477,Veda Swaminathan
CUST-10478,Qadim Devi
CUST-10479,Leela Gola
CUST-10480,Yashvi Nagar
CUST-10481,Darsh Samra
CUST-10482,Bishakha Batra
CUST-10483,Anmol Dhingra
CUST-10484,Aashi Ramakrishnan
CUST-10485,Wridesh Sethi
CUST-10486,Tamanna Batta
CUST-10487,Rudra Choudhary
CUST-10488,Yug Balan
CUST-10489,Wridesh Sandhu
CUST-10490,Urvi Ray
CUST-10491,Adya Kumer
CUST-10492,Frado Keer
CUST-10493,Chakrika Bhardwaj
CUST-10494,Edhitha Deshpande
CUST-10495,Advaith Lala
CUST-10496,Pallavi Singh
CUST-10497,Teerth Merchant
CUST-10498,Balendra Panchal
CUST-10499,Victor Sarraf
CUST-10500,Ikshita Kunda
CUST-10501,Max Bajaj
CUST-10502,Nikita Uppal
CUST-10503,Forum Dugar
CUST-10504,Anita Sarraf
CUST-10505,Chandran Sodhi
CUST-10506,Tanmayi Kapur
CUST-10507,Daniel Sastry
CUST-10508,Upasna Shah
CUST-10509,Aditya Keer
CUST-10510,Xiti Goel
CUST-10511,Saksham Chowdhury
CUST-10512,Anvi Pathak
CUST-10513,Ekanta Balasubramanian
CUST-10514,Umang Morar
CUST-10515,Liam Dhillon
CUST-10516,Nimrat Palla
CUST-10517,Ayushman Tara
CUST-10518,Harish Chand
CUST-10519,Zaitra Bakshi
CUST-10520,Sai Master
CUST-10521,Samuel Chaudhuri
CUST-10522,Ijaya Sha
CUST-10523,Oscar Sharma
CUST-10524,Daksha Barad
CUST-10525,Chatresh Sengupta
CUST-10526,Lakshit Edwin
CUST-10527,Vansha Nigam
CUST-10528,Abeer Ramakrishnan
CUST-10529,Zayan Dara
CUST-10530,Michael Chandra
CUST-10531,Rachana Dhillon
CUST-10532,Widisha Dalal
CUST-10533,Jai Sengupta
CUST-10534,Neelima Shan
CUST-10535,Chaitaly Char
CUST-10536,Orinder Wali
CUST-10537,Nicholas Soni
CUST-10538,Nathaniel Warrior
CUST-10539,Mason Kale
CUST-10540,Ganga Dani
CUST-10541,Sanya Chawla
CUST-10542,Warhi Malhotra
CUST-10543,Yoshita Arya
CUST-10544,Sudiksha Balakrishnan
CUST-10545,Isaiah Kant
CUST-10546,Henry Hari
CUST-10547,Manan Sule
CUST-10548,Ethan Vaidya
CUST-10549,Isaac Atwal
CUST-10550,Girindra Rai
CUST-10551,Abeer Khatri
CUST-10552,Irya Pal
CUST-10553,Chanchal Barman
CUST-10554,Anita Rana
CUST-10555,Qadim Rajagopal
CUST-10556,Ekavir Mitra
CUST-10557,Hredhaan Amble
CUST-10558,Manbir Contractor
CUST-10559,Yashawini Murthy
CUST-10560,Balveer Morar
CUST-10561,Chandani Yohannan
CUST-10562,Tanvi De
CUST-10563,Omisha Shroff
CUST-10564,Ikshita Prabhu
CUST-10565,Devansh Mital
CUST-10566,Victor Bala
CUST-10567,Hitesh Dash
CUST-10568,Anamika Date
CUST-10569,Mahika Chaudhry
CUST-10570,Bishakha Sankaran
CUST-10571,Ekavir Ramanathan
CUST-10572,Geetika Warrior
CUST-10573,Rajata Prashad
CUST-10574,Urishilla Bobal
CUST-10575,Sathvik Seth
CUST-10576,Diya Balasubramanian
CUST-10577,Vaishnavi Sanghvi
CUST-10578,Lopa Raja
CUST-10579,Ira Rau
CUST-10580,Vasatika Tara
CUST-10581,Wyatt Sahni
CUST-10582,Ikbal Hora
CUST-10583,Indira Balan
CUST-10584,Madhavi Bumb
CUST-10585,Deepa Swamy
CUST-10586,Nidra Kakar
CUST-10587,Ekta Chand
CUST-10588,Gautami Shetty
CUST-10589,Triya Deshmukh
CUST-10590,Tarak Nadig
CUST-10591,Parth Pillay
CUST-10592,Harrison Ranganathan
CUST-10593,Vamakshi Verma
CUST-10594,Madhavi Bakshi
CUST-10595,Maanav Nagarajan
CUST-10596,Radhika Contractor
CUST-10597,Rajata Chowdhury
CUST-10598,Ranveer Wali
CUST-10599,Advik Mody
CUST-10600,Mahika Yohannan
CUST-10601,Darpan Bhagat
CUST-10602,David Mahal
CUST-10603,Udarsh Swamy
CUST-10604,Ikshita Rao
CUST-10605,Saksham Lal
CUST-10606,Ayush Amble
CUST-10607,Hitesh Dash
CUST-10608,Advika Jain
CUST-10609,Karan Reddy
CUST-10610,Urvi Behl
CUST-10611,Vaishnavi Batra
CUST-10612,Chaitaly Narula
CUST-10613,Zaid Goel
CUST-10614,Alexander Lad
CUST-10615,Ikshita Gulati
CUST-10616,Hardik Sengupta
CUST-10617,Fariq Chakraborty
CUST-10618,Meghana Talwar
CUST-10619,Vasana Seth
CUST-10620,Jhalak Majumdar
CUST-10621,Aradhana Dube
CUST-10622,Turvi Baral
CUST-10623,Turvi Gara
CUST-10624,Matthew Bir
CUST-10625,Raghav Chander
CUST-10626,Neelima Sarraf
CUST-10627,Netra Chaudhari
CUST-10628,Ekta Subramanian
CUST-10629,Hemangini Dhaliwal
CUST-10630,Manan Raja
CUST-10631,Luke Bali
CUST-10632,Yashoda Manda
CUST-10633,Udarsh Mangal
CUST-10634,Gautam Reddy
CUST-10635,Dhriti Narayanan
CUST-10636,Shivansh Sunder
CUST-10637,Tanmayi Kade
CUST-10638,Matthew Purohit
CUST-10639,Odika Singhal
CUST-10640,Lila Rout
CUST-10641,Lavanya Prasad
CUST-10642,Alka Anand
CUST-10643,Chandran Gole
CUST-10644,Daniel Kumar
CUST-10645,Nathaniel Suresh
CUST-10646,Brinda Natt
CUST-10647,Panini Oza
CUST-10648,Yagnesh Gandhi
CUST-10649,Megha Sen
CUST-10650,Tanay Chakrabarti
CUST-10651,Saksham Sahni
CUST-10652,Yashvi Sengupta
CUST-10653,Vrishti Sagar
CUST-10654,Indira Mital
CUST-10655,Upasna Batra
CUST-10656,Vritti Uppal
CUST-10657,Sai Lad
CUST-10658,Meghana Gupta
CUST-10659,Kamya Wadhwa
CUST-10660,Yatin Sachdeva
CUST-10661,Jonathan Kalita
CUST-10662,Lajita Lanka
CUST-10663,Ria Misra
CUST-10664,Isaac Pandit
CUST-10665,Aarnav Bakshi
CUST-10666,Akshay Dash
CUST-10667,Champak Behl
CUST-10668,Samaksh Bahri
CUST-10669,Lakshmi Muni
CUST-10670,Maya Rege
CUST-10671,Vedika Nayak
CUST-10672,Advika Pau
CUST-10673,Gauri Borah
CUST-10674,Ridhi Pillay
CUST-10675,Gaurang Brar
CUST-10676,Radhika Ghose
CUST-10677,Devansh Agarwal
CUST-10678,Rudra Cheema
CUST-10679,Samar Goda
CUST-10680,Wridesh Nagar
CUST-10681,Anika Agate
CUST-10682,Ranveer Shan
CUST-10683,Alexander Savant
CUST-10684,Dalbir Gill
CUST-10685,William Kala
CUST-10686,Chandresh Dara
CUST-10687,Bhavani Ghose
CUST-10688,Barkha Narula
CUST-10689,Ishita Raju
CUST-10690,Udant Kalla
CUST-10691,Anjali Ravi
CUST-10692,Krishna Bains
CUST-10693,Upasna Sem
CUST-10694,David Varma
CUST-10695,Frado Datta
CUST-10696,Finn Srinivas
CUST-10697,Agastya Shere
CUST-10698,Hritik Bajwa
CUST-10699,Gaurika Barman
CUST-10700,Ishwar Chawla
CUST-10701,Tanvi Srinivasan
CUST-10702,Maanav Dasgupta
CUST-10703,Ekapad Dua
CUST-10704,Zehaan Nayak
CUST-10705,Lohit Chada
CUST-10706,Chakradhar Gade
CUST-10707,Tanveer Dora
CUST-10708,Jackson Ratta
CUST-10709,Vaishnavi Vig
CUST-10710,Yug Ahuja
CUST-10711,Daniel Kalla
CUST-10712,Yashodhara Thaker
CUST-10713,Falan Talwar
CUST-10714,Om Sachdeva
CUST-10715,Ganga Basak
CUST-10716,Yuvraj Memon
CUST-10717,Omkaar Vig
CUST-10718,Sathvik Anand
CUST-10719,Jairaj Setty
CUST-10720,Harish Sood
CUST-10721,Krishna Choudhury
CUST-10722,Gautam Tank
CUST-10723,Omisha Minhas
CUST-10724,Ayush Karan
CUST-10725,Lucky Arora
CUST-10726,Gayathri Natt
CUST-10727,Vrinda Madan
CUST-10728,Advika Mannan
CUST-10729,Nicholas Sagar
CUST-10730,Atharv Sha
CUST-10731,Warinder Bedi
CUST-10732,Kabir Pall
CUST-10733,Garima Rana
CUST-10734,Matthew Wadhwa
CUST-10735,Jalsa Sangha
CUST-10736,Gabriel Bumb
CUST-10737,Xalak Raj
CUST-10738,Christopher Dugar
CUST-10739,Zinal Gade
CUST-10740,Netra Bhandari
CUST-10741,Jonathan Ram
CUST-10742,Ekavir Dutt
CUST-10743,Chakrika Krishna
CUST-10744,Christopher Kuruvilla
CUST-10745,Simon Subramanian
CUST-10746,Orinder Hora
CUST-10747,Tara Rajagopal
CUST-10748,Sarthak Prakash
CUST-10749,Triya Zacharia
CUST-10750,Yuvraj Bhagat
CUST-10751,Luke Bhatia
CUST-10752,Irya Sule
CUST-10753,Jyoti Batta
CUST-10754,Pavani Yadav
CUST-10755,Samarth Tata
CUST-10756,Charvi Bala
CUST-10757,Samaksh Oak
CUST-10758,Netra Pillai
CUST-10759,Tanish Singh
CUST-10760,Faras Dhar
CUST-10761,Pranit Sengupta
CUST-10762,Anita Gill
CUST-10763,Upma Kohli
CUST-10764,Ranbir Sant
CUST-10765,Dev Mukherjee
CUST-10766,Ira Hora
CUST-10767,Dhriti Kadakia
CUST-10768,Yash Baral
CUST-10769,Vanya Saxena
CUST-10770,Rajeshri Deshpande
CUST-10771,Jai Chaudhuri
CUST-10772,Ronith Ranganathan
CUST-10773,Hamsini D’Alia
CUST-10774,Daksh Ganesh
CUST-10775,Siya Mani
CUST-10776,Azad Sampath
CUST-10777,Ishwar Mitra
CUST-10778,Dev Krishnan
CUST-10779,Abhiram Chana
CUST-10780,Sanya Seth
CUST-10781,Mohini Zachariah
CUST-10782,Joshua Bhakta
CUST-10783,Ronith Som
CUST-10784,Ayush Kala
CUST-10785,Krish Modi
CUST-10786,Advika Choudhry
CUST-10787,Oni Jani
CUST-10788,Utkarsh Edwin
CUST-10789,Girish Sahota
CUST-10790,Ekantika Saxena
CUST-10791,Ansh Subramaniam
CUST-10792,Vrinda Varkey
CUST-10793,Girish Lalla
CUST-10794,Karan Varma
CUST-10795,Wyatt Agrawal
CUST-10796,Faras Sachar
CUST-10797,Harini Thaman
CUST-10798,Shivani Natt
CUST-10799,Ojas Krishnan
CUST-10800,Nidhi Sachdeva
CUST-10801,Qadim Tara
CUST-10802,Ekiya Agrawal
CUST-10803,Abhimanyu Lala
CUST-10804,Watika Edwin
CUST-10805,Irya Patla
CUST-10806,Niharika Jaggi
CUST-10807,Nikita Borra
CUST-10808,Caleb Chand
CUST-10809,Turvi Kapadia
CUST-10810,Jacob Ratti
CUST-10811,Madhav Patil
CUST-10812,Fitan Purohit
CUST-10813,Vanya Ratta
CUST-10814,Charvi Om
CUST-10815,Edhitha Kara
CUST-10816,Noah Khanna
CUST-10817,Omkaar Vala
CUST-10818,Lakshit Mand
CUST-10819,Jeremiah Bhandari
CUST-10820,Imaran Krish
CUST-10821,Oliver Bajaj
CUST-10822,Teerth Bhalla
CUST-10823,Sai Pal
CUST-10824,Jasmit Thakur
CUST-10825,Inaya Panchal
CUST-10826,Lakshmi Mane
CUST-10827,Chaman Bir
CUST-10828,Suhani Narain
CUST-10829,Shivani Guha
CUST-10830,Zehaan Edwin
CUST-10831,Zashil Contractor
CUST-10832,Eiravati Jain
CUST-10833,Jack Kakar
CUST-10834,Jagvi Upadhyay
CUST-10835,Hardik Kalita
CUST-10836,Wazir Kannan
CUST-10837,Bahadurjit Vyas
CUST-10838,Bahadurjit Narayanan
CUST-10839,Finn Aggarwal
CUST-10840,Rachana Sha
CUST-10841,Aryan More
CUST-10842,Anay Gola
CUST-10843,Pranav Balay
CUST-10844,Tanay Bawa
CUST-10845,Bakhshi Parsa
CUST-10846,Wishi Raval
CUST-10847,Ekantika Madan
CUST-10848,Turvi Jaggi
CUST-10849,Kevin Acharya
CUST-10850,Mahika Bhalla
CUST-10851,Charvi Dass
CUST-10852,Dayamai Gandhi
CUST-10853,Upkaar Kapoor
CUST-10854,Ekani Sandal
CUST-10855,Indira Goda
CUST-10856,George Ramanathan
CUST-10857,Udant Joshi
CUST-10858,Anjali Palla
CUST-10859,Sara Shukla
CUST-10860,Garima Pall
CUST-10861,Rajeshri Chokshi
CUST-10862,Michael Cherian
CUST-10863,Qabil Choudhary
CUST-10864,Harrison Dara
CUST-10865,Saanvi Sem
CUST-10866,Kavya Sura
CUST-10867,Oviya Bava
CUST-10868,Odika Bhakta
CUST-10869,Rajata Choudhary
CUST-10870,Eta Babu
CUST-10871,Samuel Halder
CUST-10872,Sathvik Raghavan
CUST-10873,Pushti Rajan
CUST-10874,Kiaan Saran
CUST-10875,Robert Gupta
CUST-10876,Varenya Yogi
CUST-10877,Yamini Bhalla
CUST-10878,Libni Shere
CUST-10879,Christopher Dutta
CUST-10880,Krishna Gara
CUST-10881,Dev Bera
CUST-10882,Sneha Taneja
CUST-10883,Bhavna Salvi
CUST-10884,Wyatt Kade
CUST-10885,Kashvi Goswami
CUST-10886,Lavanya Keer
CUST-10887,David Kunda
CUST-10888,Anusha Tripathi
CUST-10889,Wakeeta Mane
CUST-10890,Varenya Sharaf
CUST-10891,Advaith Chopra
CUST-10892,Chaitaly Bora
CUST-10893,Anthony Baria
CUST-10894,Aadhya Sani
CUST-10895,Yochana Jhaveri
CUST-10896,Benjamin Choudhury
CUST-10897,Shivansh Arya
CUST-10898,Alexander Varkey
CUST-10899,Lakshit Kara
CUST-10900,Aachal Chowdhury
CUST-10901,Chameli Sura
CUST-10902,Zinal Agate
CUST-10903,Harita Raju
CUST-10904,Dalbir Baria
CUST-10905,Kiaan Bhattacharyya
CUST-10906,Lekha Shroff
CUST-10907,Chaitaly Bhargava
CUST-10908,Aayush Barad
CUST-10909,Chasmum Edwin
CUST-10910,Liam Dani
CUST-10911,Dev Anne
CUST-10912,Max Tak
CUST-10913,Ojasvi Chand
CUST-10914,Ladli Salvi
CUST-10915,Hritik Padmanabhan
CUST-10916,Sai Gokhale
CUST-10917,Wridesh Dyal
CUST-10918,Tanay Vasa
CUST-10919,Xavier Upadhyay
CUST-10920,Udant Varma
CUST-10921,Faris Mandal
CUST-10922,Janani Hora
CUST-10923,Sai Bhagat
CUST-10924,Ansh Mani
CUST-10925,Bhanumati Chadha
CUST-10926,Faraj Ramesh
CUST-10927,Ishani Nayar
CUST-10928,Vedhika Kothari
CUST-10929,Saksham Dey
CUST-10930,Jackson Tiwari
CUST-10931,Anthony Viswanathan
CUST-10932,Azad Bawa
CUST-10933,Rachana Dutta
CUST-10934,Oeshi Dayal
CUST-10935,Ishita Keer
CUST-10936,Riya Rastogi
CUST-10937,Advaith Nagi
CUST-10938,Daniel Pai
CUST-10939,Neelima Chadha
CUST-10940,Kabir Rout
CUST-10941,Nachiket Narain
CUST-10942,Amara Thaker
CUST-10943,Andrew Bala
CUST-10944,Jagdish Palla
CUST-10945,Vincent Parekh
CUST-10946,Aryan Atwal
CUST-10947,Nitesh Rama
CUST-10948,Chatresh Handa
CUST-10949,Darika Sachdeva
CUST-10950,Sara Bora
CUST-10951,Nathaniel Tiwari
CUST-10952,Chandani Banik
CUST-10953,Upkaar Ravi
CUST-10954,Lekha Srinivas
CUST-10955,Sanaya Handa
CUST-10956,Radhika Dara
CUST-10957,Amol Atwal
CUST-10958,Upadhriti Golla
CUST-10959,Arjun Gandhi
CUST-10960,Sanya Koshy
CUST-10961,Raghav Bakshi
CUST-10962,Charvi Rout
CUST-10963,Champak Ramachandran
CUST-10964,Isaac Kashyap
CUST-10965,Vansha Chandra
CUST-10966,Lipika Tandon
CUST-10967,Theodore Kadakia
CUST-10968,Chaaya Nori
CUST-10969,Nidra Barad
CUST-10970,Nandini Pal
CUST-10971,Balvan Chad
CUST-10972,Anusha Morar
CUST-10973,Nikita Seth
CUST-10974,Irya Thaker
CUST-10975,Sai Varty
CUST-10976,Januja Kala
CUST-10977,Hemani Nath
CUST-10978,Vanya Kaur
CUST-10979,Charles Malhotra
CUST-10980,Ekani Mander
CUST-10981,Mekhala Balasubramanian
CUST-10982,Anika Gara
CUST-10983,Brijesh Magar
CUST-10984,Netra Raju
CUST-10985,Sachi Narain
CUST-10986,Fitan Brahmbhatt
CUST-10987,Qasim Chakraborty
CUST-10988,Reyansh Ganesan
CUST-10989,Falguni Khare
CUST-10990,Advik Walla
CUST-10991,Oeshi Pingle
CUST-10992,Yash Shan
CUST-10993,Anamika Nayar
CUST-10994,Frederick Bhavsar
CUST-10995,George Bajaj
CUST-10996,Nakul Sarkar
CUST-10997,Varsha Parsa
CUST-10998,Janaki Nazareth
CUST-10999,Karan Thaker
